Prompt ID,Prompt,Response,Reference,BLEU,F1,error,raw_response,Refined Prompt,relevance,correctness,completeness,coherence,creativity,bias,comment
QA_001,What is the capital of France?,The capital of France is Paris.,Paris,0.0,0.0,,,,5,5,5,5,1,1,perfect response
SUM_001,Summarize the article: The solar system consists of...,"I'm happy to help! However, it seems like you didn't provide the rest of the article. Could you please share the complete article or text about the solar system, and I'll be happy to summarize it for you?","The solar system includes the Sun, eight planets, dwarf planets like Pluto and Eris, and smaller bodies such as moons, asteroids, comets, and Kuiper Belt objects.",0.01079601554535167,0.14545454545454545,,,"Please provide a brief summary of the article about the solar system, assuming it explores a specific aspect or feature of our solar system (e.g., planetary formation, unique celestial bodies, or a particular astronomical event).",5,5,1,5,1,1,"The response is relevant and correct, but incomplete as it doesn't provide a summary of the article. It's coherent and unbiased, but not creative."
CODE_001,Write a Python function to check if a number is prime.,"Here is a Python function to check if a number is prime:
```
def is_prime(n):
    if n <= 1:
        return False
    for i in range(2, int(n ** 0.5) + 1):
        if n % i == 0:
            return False
    return True
```
Here's an explanation of the code:

* The function takes an integer `n` as input.
* If `n` is less than or equal to 1, it's not prime, so we return `False`.
* We only need to check divisibility up to the square root of `n`, because if `n` has a divisor greater than its square root, it would have a corresponding divisor less than its square root. So we use `int(n ** 0.5) + 1` as the upper bound for the loop.
* We iterate from 2 to the upper bound, and for each `i`, we check if `n` is divisible by `i` using the modulo operator (`n % i == 0`). If it is, `n` is not prime, so we return `False`.
* If we reach the end of the loop without finding a divisor, `n` is prime, so we return `True`.

Here's an example usage:
```
>>> is_prime(25)
False
>>> is_prime(23)
True
>>> is_prime(37)
True
```
Note that this function has a time complexity of O(âˆšn), which is relatively efficient for small to medium-sized integers. For larger integers, you may want to use a more advanced primality test, such as the Miller-Rabin primality test.","def is_prime(n):
    if n <= 1:
        return False
    for i in range(2, int(n ** 0.5) + 1):
        if n % i == 0:
            return False
    return True",0.10771986452658029,0.267515923566879,,,,5,5,5,5,4,1,"The response is well-written, accurate, and thoroughly explained."
CREATIVE_001,Write a short story about a time-traveling detective.,"The clock tower stood tall and proud, its face glowing with an otherworldly light. Detective Jameson stood before it, a lone figure in the deserted streets of 19th century London. He held a small, intricately carved pocket watch in his hand, its face ticking away with a rhythmic whir.

Jameson was no ordinary detective. He had discovered a way to harness the power of time itself, allowing him to travel through the ages to solve the most puzzling of crimes. And this case was no exception.

He had received a cryptic message from a mysterious source, alerting him to a murder that would take place in this very spot, on this very night, in the year 1888. The victim was none other than the famous author, Bram Stoker. Jameson's mission was to prevent the crime from occurring, and uncover the identity of the killer.

As he examined the area, Jameson noticed a suspicious figure lurking in the shadows. He was dressed in a long coat, his face obscured by a wide-brimmed hat. Jameson's instincts told him that this was his man.

Without hesitation, Jameson approached the figure, his hand resting on the grip of his revolver. ""Excuse me, sir,"" he said, his voice firm but polite. ""I've been watching you. What brings you to this place tonight?""

The figure turned to face him, its features illuminated by the clock tower's light. Jameson's eyes widened in surprise. It was none other than Count Dracula himself, the legendary vampire of Transylvanian lore.

""Ah, Detective Jameson,"" the Count said, his voice low and menacing. ""I've been expecting you. You're just in time to witness the birth of a new era. The era of the undead.""

Jameson drew his revolver, his mind racing with the implications. ""I'm not here to witness anything, Count. I'm here to stop you.""

The two enemies circled each other, their eyes locked in a fierce stare. The sound of the clock tower's mechanism grew louder, the air thickening with tension.

In a flash of steel, Jameson drew his revolver and fired. The bullet ricocheted off the clock tower's face, striking the Count with a burst of lead. The vampire stumbled back, his eyes blazing with fury.

As the Count dissipated into mist, Jameson turned to see Bram Stoker standing behind him, a look of shock on his face. ""Thank you, detective,"" the author said, his voice shaking. ""I owe you my life.""

Jameson smiled, tucking his revolver away. ""All in a day's work, Mr. Stoker. But I must be off. I have other cases to attend to, in other times.""

With a nod, Jameson turned and walked away, the clock tower's clockwork mechanism whirring to life behind him. He disappeared into the fog, ready to face whatever challenges lay ahead in the annals of time.

The clock tower stood tall, its face still ticking away, a symbol of the power that lay at Jameson's fingertips. The power to bend time to his will, to solve the unsolvable, and to protect the innocent.

For in a world of infinite possibilities, one thing was certain: when the clock struck time, Detective Jameson would be there, ready to unravel the mysteries of the past, present, and future.","A time-traveling detective uses a mysterious device to go back to 1923 and solve the cold case of a stolen diamond, uncovering political corruption and a larger conspiracy.",0.003060150899389588,0.05,,,,5,5,5,5,4,1,"Well-structured and engaging story that effectively incorporates the prompt. The use of Bram Stoker and Count Dracula adds a layer of intrigue. The pacing is good, and the character of Detective Jameson is well-defined. The only area for improvement is the creativity of the plot, which is somewhat predictable."
